epoch,bw_idx,Bitrate(bps),Selected,CodebookUsage,CodeUtil(%),TimeLoss(e-3),FreqLoss(e-3),FeatLoss(e-3),AdvLoss(e-3),DisLoss(e-3),CommitLoss(e-6),PESQ,ESTOI,TotalScore
1,0,300,485,128/128,98.73947650759455,57.75340737909386,901.4406714242758,4.166189645484243,-9.416612108554883,998.9427757017392,87722.00137030538,0.0,0.0,0.0
1,1,600,1044,256/256,98.5800083058338,57.82866069397593,906.9168488869722,7.128010827323629,154.66579710672184,995.9078600694394,107164.43487563849,0.0,0.0,0.0
1,2,1200,1471,512/512,99.00105757583096,58.291907923044114,910.6849901616208,8.560926969214403,327.9651668502675,991.8294598017316,118739.19453415756,0.0,0.0,0.0
2,0,300,533,128/128,96.36908225868866,51.10377924583195,696.5757485402235,11.701068196159143,318.34986269313276,981.1369471433686,63700.90352512404,0.0,0.0,0.0
2,1,600,975,256/256,95.82225783426622,51.39510494776261,695.1115638781816,17.745445837768223,379.6282593294596,968.5004936731779,100133.88404353276,0.0,0.0,0.0
2,2,1200,1492,512/512,96.07345571394826,51.470940867713566,694.6286678953401,28.67182701995881,475.51845635809303,937.0587971910395,107858.07584425398,0.0,0.0,0.0
3,0,300,496,128/128,90.76147366332803,46.53547415810247,470.8746646440798,24.276477583278453,330.43276078458274,944.9901511111567,145.27579786215117,0.0,0.0,0.0
3,1,600,1064,256/256,91.06672125041042,46.208295197387166,453.57081128802514,38.1994799000064,387.83246722804114,873.9168801926132,176.4482539828234,0.0,0.0,0.0
3,2,1200,1440,512/512,91.17596972609886,46.47813464463171,450.970405795508,47.28013479616493,546.4047533615181,826.2603467951218,201.4979173610401,0.0,0.0,0.0
4,0,300,538,128/128,86.0943056494475,45.20927427758958,432.47664894313175,46.96380146207863,410.65464760124905,885.5261488031721,243.04477894515557,0.0,0.0,0.0
4,1,600,979,256/256,88.23523315238113,45.650117171583915,421.3973173264707,57.2630280782911,529.9332163960647,763.8790147175463,314.8054686337267,0.0,0.0,0.0
4,2,1200,1483,512/512,90.35517804823814,45.553672671900834,413.8446289867625,55.522026475305424,695.7957060431115,662.9904478446745,352.123743105849,0.0,0.0,0.0
5,0,300,496,128/128,86.90445057021522,43.63725165415916,403.9774729960388,67.61691308460168,448.989933934964,853.6233147305827,685.2852401343332,0.0,0.0,0.0
5,1,600,1022,256/256,88.40245927615054,44.24811235889646,383.11626743197206,60.2136596949833,562.477684146023,745.437788228466,862.3607507316804,0.0,0.0,0.0
5,2,1200,1482,512/512,90.4518761823556,44.444268421042466,374.935692500489,53.2969470473959,791.7359030218581,590.4702379917487,1001.0922394918188,0.0,0.0,0.0
6,0,300,489,128/128,88.3629953679578,41.8368812140024,379.0541329023053,76.75810244338156,451.16240427598876,856.9488986138185,664.971464366894,0.0,0.0,0.0
6,1,600,1004,256/256,88.97185679311616,42.8388081528098,340.7294013763804,55.91617894926632,585.8008878813886,728.5456010307449,861.9156773297201,0.0,0.0,0.0
6,2,1200,1507,512/512,90.81092643119308,43.05652229395938,332.15700814719224,48.637411376064634,803.0268371342505,594.4540791742519,1001.3403523544637,0.0,0.0,0.0
7,0,300,495,128/128,89.5504779807966,41.662598085222825,369.0891678887184,75.07647990126803,445.8323910079821,853.2846222020158,654.4056372020883,0.0,0.0,0.0
7,1,600,1002,256/256,90.00073107888606,42.179281081625085,322.01171974222103,53.076151267675584,595.6252313957006,725.0515283819682,855.1984735645592,0.0,0.0,0.0
7,2,1200,1503,512/512,91.50854910563929,42.266624247877104,310.3810476209827,45.07110264903295,804.6625781202031,603.2759930519604,985.886806927941,0.0,0.0,0.0
8,0,300,508,128/128,88.31041391510921,41.980494503078496,364.10558869050243,71.77330046804167,466.7821910496302,858.0976419561491,961.5363328127322,0.0,0.0,0.0
8,1,600,1009,256/256,90.0832658694773,42.2269874912335,318.8638604431606,50.36717960454073,610.8298642178711,719.673967337821,1273.4572165341065,0.0,0.0,0.0
8,2,1200,1483,512/512,91.80121616869614,42.11871951456739,305.21157834068475,44.24604837326126,833.48397222308,590.9827354986444,1433.3490906606678,0.0,0.0,0.0
9,0,300,531,128/128,90.17641767811294,42.61042777512033,333.95565173495737,63.155991588271945,488.9514158899052,867.8654075342383,2441.5733493959247,0.0,0.0,0.0
9,1,600,1039,256/256,91.63600947700132,42.023256865685894,299.50435096765506,43.729052585805114,616.4544077305064,743.9281169443433,3096.813878315188,0.0,0.0,0.0
9,2,1200,1430,512/512,92.93925715953547,42.10340544789821,290.8437325716852,39.43664354982076,789.2630312617842,630.6178994945712,3636.6824424578126,0.0,0.0,0.0
10,0,300,473,128/128,90.27987596568828,43.82139838145097,301.7851179170306,53.556153231771,505.8315249817568,879.1675291656188,4651.3653818092625,1.3376889332481052,0.29587183293330455,0.299
10,1,600,1033,256/256,91.70549048692266,42.624519079462026,277.1046196416179,35.77208817582163,623.5410161063955,775.215010386815,5875.657151641625,1.3708120325337285,0.3322077792410485,0.299
10,2,1200,1494,512/512,93.30681736308252,42.10357127618917,270.2550141108403,32.40154857760971,716.1754455611888,692.4366812150641,6671.292147065551,1.3814325021660847,0.349550304580284,0.299
11,0,300,547,128/128,90.95275250254845,44.536392284485714,270.94935093218055,45.01441859349036,499.69812562958197,895.4096812434781,12405.288243118053,1.4318046466163967,0.3675434273724004,0.344
11,1,600,977,256/256,92.15343801194194,42.96470725548548,249.4702053503224,28.98861456780619,619.556833283562,800.0515983072981,15989.404153593548,1.480148372442826,0.40186143145512077,0.344
11,2,1200,1476,512/512,93.52129778508369,42.2620236808005,242.8441521557689,26.879819279137827,692.0589914388935,727.5847024145488,18331.08454112337,1.5004770859428074,0.41459156162771804,0.344
12,0,300,517,128/128,92.63103383179997,44.78999697089887,226.6279866836057,38.867102071239366,485.51849700957246,907.672193340914,23318.52700878331,1.5315575496010159,0.4428425420483642,0.398
12,1,600,943,256/256,93.82295690918876,43.25729436295409,208.09073346417125,24.378222925934153,602.8571859207537,812.889250250156,30747.854128116516,1.5962319218594094,0.48643418885296574,0.398
12,2,1200,1540,512/512,94.94619383744366,42.39095930106841,199.68607613405624,22.717774725918257,657.5517981470405,752.0248754070951,36056.87519196759,1.6375940157019573,0.502935006232223,0.398
13,0,300,531,128/128,94.0140178306258,44.76701419821567,195.8865994506861,33.72295087522594,481.4572873930473,910.1308657175628,28663.427675960203,1.6505900206773176,0.5004767687376706,0.447
13,1,600,1034,256/256,95.45013593949903,43.11958658986327,172.25946457173885,20.674089519252977,585.2577431195882,830.5240191620138,38829.34273053069,1.7730811678844949,0.5552684606285336,0.447
13,2,1200,1435,512/512,96.34626151180129,42.30633180990867,165.4727754588742,19.752465605813658,614.7120994661743,766.0918192581017,45276.10987944055,1.833416285722152,0.5759119115230891,0.447
14,0,300,502,128/128,94.96167410748588,44.03116845663088,177.30479414363307,30.14475352824684,471.49823641634555,916.560451229255,31752.963795278414,1.733165398887966,0.5264827813414868,0.475
14,1,600,1005,256/256,96.3289433677766,42.24036355961615,152.4162955396804,18.13759225888632,573.8971036613284,842.120147403793,43160.01487756843,1.8906131516332212,0.588049710052614,0.475
14,2,1200,1493,512/512,97.13297157194161,41.16756451046076,143.73157746785452,17.254165928918127,583.5623661204623,787.8018696277795,50393.995608727724,1.976665216943492,0.6159617938302363,0.475
15,0,300,505,128/128,95.82680140320262,43.09135420930268,169.28335274800216,27.644205772050537,470.84764194960644,916.8530847766611,32374.959933285667,1.780673902967702,0.5356950084867637,0.492
15,1,600,953,256/256,96.95865617238188,40.0997045228076,141.19325191220358,16.739504008210908,568.7428957392762,843.8749133227129,44504.45792247841,1.9871141910552979,0.6058665139754755,0.492
15,2,1200,1542,512/512,97.58388338629685,38.80427507792349,131.38853929134814,16.026659866241708,581.704951223619,789.3554066560303,51875.592312073735,2.0989081289457237,0.6385771199355282,0.492
16,0,300,533,128/128,96.30980544519774,41.524589516040756,162.87324447569213,25.5724819128945,466.90756197159106,917.2428061322468,30539.645290956265,1.8121746312017026,0.5426588778146424,0.506
16,1,600,964,256/256,97.30485571638518,37.43921625485868,133.49921444886948,15.26643438419304,563.0464728658872,851.6949601316848,41850.003085381264,2.0751871803532476,0.6190264680445253,0.506
16,2,1200,1503,512/512,97.92296516113753,35.94342386071197,122.23727435012381,14.781827447875214,568.2983180224221,796.6097638516607,48783.0285367098,2.1922988062319546,0.6554805581183046,0.506
17,0,300,553,128/128,96.656806751097,40.073045137023406,159.08895360194754,24.09967072779619,460.4352112744967,919.3003821114304,27977.292238992333,1.842127369797748,0.5466224429175787,0.514
17,1,600,944,256/256,97.59544778933402,35.67157918390013,127.88927493522228,14.41267855422003,552.6126098850647,860.4924487486734,38469.441014073665,2.134402275085449,0.6254662398535824,0.514
17,2,1200,1503,512/512,98.20584999250552,33.80422091516787,116.01665199635747,13.980879005929548,562.0068205211928,802.7267742775633,44801.310723472736,2.273512954297273,0.6633802093305974,0.514
18,0,300,471,128/128,96.72179241185283,39.012147275821924,156.4260545303361,23.451907113352654,463.2264171309785,915.2455867728863,25208.749082690843,1.855145900145821,0.5531488704658393,0.526
18,1,600,1018,256/256,97.69222204637497,33.76840530530584,122.41881413198641,13.632096352022733,548.578759904197,866.8045810257288,34805.57771125161,2.193222869997439,0.6363437004633263,0.526
18,2,1200,1511,512/512,98.43085895745172,31.698378051978164,109.1938499413051,13.395855593427887,551.0728288907866,805.0891738076781,40733.9825037889,2.382751755092455,0.6812854398811584,0.526
19,0,300,506,128/128,97.1439248749319,38.31372955232388,153.320653165282,23.003909674292732,458.3936528608262,912.2103268921139,23554.609849195,1.8877241455990335,0.5612199322981118,0.537
19,1,600,994,256/256,97.93019228986061,32.777012091587245,117.1407767569635,13.15029252740279,545.8917069423127,868.4593219632354,32807.2316258756,2.2521431394245313,0.6468181851339124,0.537
19,2,1200,1500,512/512,98.66989091093144,30.008017764737208,102.49376470347245,12.822624320164323,542.1378429532051,806.2971703608831,38340.240155657135,2.4632496004519253,0.6938063922655563,0.537
20,0,300,480,128/128,97.39857359236002,37.83166139231374,150.73027554899454,22.44701664506768,462.05119986552745,912.0090538014969,21324.386342894286,1.8882708601329639,0.5616208565804933,0.541
20,1,600,999,256/256,98.09770864764543,31.95366396702028,113.47828751002943,12.63280501505276,539.5115079941812,872.5511281339972,29670.382682998497,2.276696547217991,0.6524945968854273,0.541
20,2,1200,1521,512/512,98.82425796999765,29.11148358192748,98.35089095558953,12.37579034108676,531.7377964479214,810.1485723104232,34726.2886900854,2.507220931675123,0.6986283324907303,0.541
21,0,300,491,128/128,97.55661407130282,37.48945145661015,148.62717800373457,21.928857552938453,465.6970136155907,911.5937709079983,19934.226730326285,1.8640387369238811,0.5614585929879999,0.539
21,1,600,992,256/256,98.19657033813543,31.56033641801426,111.06178206541846,12.317973003166937,535.6223721718115,875.5272569194917,27714.41310441362,2.24941695254782,0.6517492693195336,0.539
21,2,1200,1517,512/512,98.89004434971419,28.159197645805822,95.14264230989042,11.997721057898447,523.1231651615766,811.6163840479338,32219.82830844392,2.495933315028315,0.6997399972157352,0.539
22,0,300,455,128/128,97.7040898876042,36.974991649225515,147.60615051120192,21.578996505711103,462.43621217353,909.5441849677118,17702.562877765067,1.8636095264683599,0.5637766829365386,0.542
22,1,600,963,256/256,98.3232929372572,30.750227770995377,108.37761619875859,11.973804666593995,528.5638778132936,875.9134445234994,24604.197612819517,2.2812197519385298,0.6558110228805567,0.542
22,2,1200,1582,512/512,98.9699920162311,27.155309203216234,92.42301656100452,11.679466271610499,518.9087681575912,813.079345655803,28665.24430144903,2.514470338821411,0.7035178268402072,0.542
23,0,300,477,128/128,97.81598634368991,36.538588035406555,145.2686853972371,21.062419482309615,462.40382493167056,909.4874676418505,16334.135247398348,1.8888425671535989,0.5670980107691737,0.548
23,1,600,951,256/256,98.42346089654755,30.272326070803572,106.29672266456733,11.661227680860257,525.3397726765261,876.8572483278349,22690.84986444214,2.313621479531993,0.6590841358281581,0.548
23,2,1200,1572,512/512,99.04715610740756,26.527952264198138,89.7967918911053,11.473956696200954,517.0545795169344,810.4219691064825,26396.21765051824,2.5581457822219185,0.7077084275002459,0.548
24,0,300,502,128/128,97.92466251137161,36.5779507029579,144.60247885658447,20.89017568029968,462.38569054470594,911.3243861027448,15398.785648162502,1.8828184345494146,0.5673680626183146,0.549
24,1,600,978,256/256,98.55488438482331,30.17359258557512,104.91383078761383,11.452847074694429,521.7823691529,878.6359359881629,21383.021019231564,2.3139428574105967,0.6623930218481021,0.549
24,2,1200,1520,512/512,99.14043248187771,26.225299018092063,88.10762239031885,11.319562720477974,511.48512505583074,812.2761758926667,24829.25248454864,2.5772952826126763,0.7111720090117563,0.549
25,0,300,511,128/128,97.98978637804434,36.287047646925174,143.29115785439654,20.536544293515135,461.56229250818313,909.1941293205067,14611.485468883453,1.8951669257620107,0.5696116225641255,0.553
25,1,600,979,256/256,98.59496756551034,29.789402342731545,103.16790780385497,11.213274540396768,518.3823454337418,879.2382554209147,20306.640942947248,2.3361789972885796,0.6654031441185267,0.553
25,2,1200,1510,512/512,99.16936549605747,25.918978984338164,86.5537041859911,11.278591374095702,508.6924181079233,807.1856445429341,23600.76363636366,2.596564292907715,0.7147515390815365,0.553
26,0,300,493,128/128,98.01852000431018,35.91916228041929,141.6635944320996,20.13110937305082,460.1685470971326,909.2169799379112,13899.249874780797,1.9053906357806663,0.5717361311839353,0.556
26,1,600,994,256/256,98.63086694423772,29.631204065497613,101.61527457611422,11.02287152789578,517.8842307246427,878.3367867441004,19409.33006330275,2.361209672430287,0.6674535643038221,0.556
26,2,1200,1513,512/512,99.20316753046802,25.64781702690501,85.09873637224142,11.105168022348325,507.21926388367075,807.0876004675407,22492.029377298095,2.6230314814526103,0.7182733918734343,0.556
27,0,300,487,128/128,98.0730152038053,36.05848462827641,140.99181709654277,19.841571657839985,462.19077418717023,910.2988878314745,13326.639915745729,1.9173087296278581,0.5725018289263467,0.559
27,1,600,1010,256/256,98.68855213096515,29.365126436373384,100.30660330511556,10.797450086562941,513.0952863557504,878.837369751222,18504.88830431558,2.3846815358037534,0.6697156901819565,0.559
27,2,1200,1503,512/512,99.24513090509538,25.405294325695937,83.90903722244505,11.006502411064908,508.39296896419603,805.9070394265992,21441.78242626503,2.645257400429767,0.720427433903314,0.559
28,0,300,509,128/128,98.08011788155329,35.80760530951801,140.05178198481823,19.505824783930375,465.34274948837714,908.7073359133452,12815.528640739458,1.9194748764452727,0.5734991256057215,0.561
28,1,600,978,256/256,98.71020493631313,29.266807723005734,99.62386660780643,10.727902842925554,513.4153295087424,878.0420811995407,17876.07799377483,2.3914146527000097,0.6734140744630235,0.561
28,2,1200,1513,512/512,99.27024471952848,25.147137715329183,82.80446366096126,10.919317587722592,510.15571498429625,805.4716364090914,20701.33523585894,2.681698819865351,0.7233055561318894,0.561
29,0,300,523,128/128,98.17612398111488,35.92650689198911,139.6465239401757,19.242040987480895,465.78227655951423,908.4532756650425,12591.57041098431,1.9104878591454548,0.5734593738017685,0.563
29,1,600,923,256/256,98.77417103528707,29.077451440020347,98.65467368200308,10.566973273732163,509.97145913081204,878.8624746827883,17546.268337419337,2.4116701146830684,0.675036625351569,0.563
29,2,1200,1554,512/512,99.33496628589444,25.058429959101872,81.78002372422426,10.849508824260807,505.90822138515523,808.2577845841607,20323.036729982614,2.7028421215389087,0.7258158763366479,0.563
30,0,300,499,128/128,98.21391513340073,35.872207573784856,139.10515660155033,18.990574606166096,465.5733004301966,908.2770995004382,12542.102713593262,1.9382201899652896,0.5764180517572427,0.567
30,1,600,980,256/256,98.81796363444433,29.011523362477217,97.55873437590745,10.474495354051493,511.8234286959074,881.7597160533983,17363.973870417292,2.435226523357889,0.6780910446605717,0.567
30,2,1200,1521,512/512,99.35637382480922,24.936864969371417,80.80103986557967,10.848863697552627,505.57004722578597,809.5611119489777,20191.35832889428,2.7219046198803447,0.7297853856018773,0.567
31,0,300,537,128/128,98.28015032246417,35.660812208078646,137.81148691972098,18.694630295065974,468.55770562059166,909.4293191890255,12431.628656967281,1.9254571821378625,0.5727915563281085,0.567
31,1,600,980,256/256,98.88928438117598,28.919549516345164,96.86812561537538,10.34218426413682,510.10721643664397,883.0404908681403,17278.408049130623,2.4451622548310654,0.6773359977930313,0.567
31,2,1200,1483,512/512,99.3915956346017,24.695943714454216,79.48100011210464,10.796760396676456,502.41092201611195,810.1484512687936,20058.567952854522,2.72647414000138,0.7304152747765597,0.567
32,0,300,504,128/128,98.35693590665973,35.689660850616676,138.077916488761,18.614091727483487,469.23882515716645,906.6158732961095,12325.49856742105,1.9279353100320566,0.5729283585956244,0.567
32,1,600,999,256/256,98.9599784935185,28.644165693520307,95.91690807401001,10.347752149465743,510.31327196904965,879.8873058787815,17065.882258624344,2.43094105305879,0.6776550270977854,0.567
32,2,1200,1497,512/512,99.42898792975747,24.562685947638794,78.80016383960714,10.828539132499543,506.1226920657104,808.5370377532307,19796.361965074408,2.7411171457041865,0.7322467684300377,0.567
33,0,300,495,128/128,98.42441006296026,35.48039095194051,136.93281154740941,18.393678005521345,469.5629342186331,905.8118210898506,12351.316834489504,1.9324135728504346,0.577726780948172,0.569
33,1,600,996,256/256,99.01378289312369,28.62710474492855,95.39121027332712,10.32381978383415,508.88339085990646,879.3313482918413,17155.86965821354,2.4281826330267866,0.6782454818145907,0.569
33,2,1200,1509,512/512,99.4743310462121,24.334033643808326,77.98377687643504,10.799295315858423,507.4848906291961,807.0445710100663,19870.342905253587,2.753710062607475,0.7349527988244283,0.569
34,0,300,510,128/128,98.42313714969896,35.66245896851315,136.68085697527025,18.262633155373965,472.20555494229,905.0519425494998,12538.359504120022,1.951388296873673,0.5794602489640136,0.572
34,1,600,997,256/256,99.01531054719135,28.549793324878845,94.5837970976246,10.300141611625044,509.6310116313286,877.6806546309766,17429.868751387658,2.4619112947712773,0.6815198740500534,0.572
34,2,1200,1493,512/512,99.48913152528498,24.23828126137798,77.14329677904044,10.808659277666717,510.55648149916254,805.8101934070804,20158.9975254055,2.7627776913020923,0.7355737740835151,0.572
35,0,300,481,128/128,98.45171465589863,35.36378592639976,136.33828709316353,18.044661143852743,471.29266534054847,903.4468432474038,12408.59386702833,1.9503030984298042,0.5808192437189282,0.574
35,1,600,952,256/256,99.04304832208447,28.439584471864485,94.26169257078853,10.306862623141217,510.2400874186839,874.9959038711396,17231.447759139188,2.471180832904318,0.6836978872854312,0.574
35,2,1200,1567,512/512,99.50508987027752,24.047870808248316,76.24865461666263,10.790087998236679,512.3292037452873,807.0287445813284,19971.85548994483,2.7833388370016348,0.7380964676409745,0.574
36,0,300,497,128/128,98.49422301711387,35.23057604384734,135.75948335575146,17.812455114224548,471.4529777369209,903.4194614086113,12623.254041106888,1.9283168367717578,0.5752842951437412,0.573
36,1,600,989,256/256,99.07681430807662,28.270690757461097,93.56947660566702,10.225025919069234,510.2342634458995,874.9908694603807,17526.087753241176,2.4616298520046733,0.6822195349534343,0.573
36,2,1200,1514,512/512,99.52494957965187,24.1549020753669,75.94657166955729,10.825421570712894,514.6435723496082,806.3899746737991,20357.652484898208,2.8001971659453018,0.7406488047194261,0.573
37,0,300,477,128/128,98.53982754149659,35.309546578292824,136.0193835864277,17.805950516987146,470.2161222938409,903.4659831278979,12799.459620841644,1.9449910080951194,0.5808225528571125,0.576
37,1,600,1011,256/256,99.11255551252015,28.228068213935657,93.4333118410186,10.205530435303787,507.18600666620256,877.2122422500369,17753.079916791794,2.4858701021774956,0.6855597196184402,0.576
37,2,1200,1512,512/512,99.54451571442287,23.809652036381145,75.15105714272491,10.7714630917168,513.5137683332518,808.3513584086504,20569.39071216793,2.8046603202819824,0.7407627419415282,0.576
38,0,300,497,128/128,98.59067095524358,35.066629210918,135.19009532523108,17.585783424811584,471.18801289281134,902.1732899504648,13132.943914195062,1.945399724918863,0.5820158760577001,0.577
38,1,600,969,256/256,99.14998153890821,28.19531479748533,92.60181809695759,10.175556366373204,505.7685304782954,876.7189285703488,18226.734469226638,2.4944169003030527,0.6879357104193512,0.577
38,2,1200,1534,512/512,99.5650630973484,23.684101101530732,74.93379810943986,10.770248998966762,517.3909886117243,807.3987630541974,21088.81056716731,2.7966163987698764,0.7421418124648945,0.577
39,0,300,524,128/128,98.64797585845594,35.332737046201494,135.505550718717,17.522737529583786,471.9747068957632,902.5936113059066,13591.054459066905,1.9381134354549905,0.5829558645236671,0.577
39,1,600,1013,256/256,99.18731630611518,28.12782455482111,92.1798218023271,10.334515863218641,506.2264293902954,875.587781996035,18835.043665187146,2.489836547685706,0.6888652994525778,0.577
39,2,1200,1463,512/512,99.5839498151107,23.57606604944861,74.16856550673305,10.84995674324602,517.0031204585416,807.4555512739222,21798.02710512527,2.815977853277455,0.7433112315170954,0.577
40,0,300,504,128/128,98.69527089866932,35.17100825861451,135.10203720735652,17.42602132135145,472.47246942586366,902.0888399746683,14181.922845882438,1.9504064269687817,0.5837635009410906,0.579
40,1,600,1009,256/256,99.2325446682351,27.994943666387243,91.98428914172443,10.361687349463832,506.3069431319818,873.8255032344663,19643.306979545872,2.5057476188825523,0.6902899276905482,0.579
40,2,1200,1487,512/512,99.60647232830011,23.545529893784213,73.8256129523252,10.983644928294657,521.3847555365431,804.7919615692313,22774.237411619033,2.8242223262786865,0.7446074103091472,0.579
41,0,300,503,128/128,98.69380283964676,35.1668541536298,134.9901738715456,17.324666583366234,472.34491304777725,899.8785396930475,14379.191838175237,1.9483406129090681,0.5840165517464392,0.58
41,1,600,954,256/256,99.23856690688656,27.856177720680552,91.41731009949429,10.325028139324683,504.2393846394381,873.8059722027689,19916.451588835356,2.493178683778514,0.6892935449291077,0.58
41,2,1200,1543,512/512,99.60921112598743,23.408390598508035,73.20046708789339,10.895315059161929,518.2660740455558,807.2544831543562,23057.43052749107,2.847677282665087,0.7465248297590182,0.58
42,0,300,505,128/128,98.74057146026655,34.91997512997967,134.84028163227705,17.023984283798992,471.2645726628823,898.8151687206608,14842.108373373452,1.9544151865917703,0.582948714463973,0.579
42,1,600,992,256/256,99.26921440326402,27.6983110252918,91.17173790300805,10.132587842470516,500.76512900751925,873.7905471315307,20549.82981081271,2.483767084453417,0.6883395590709385,0.579
42,2,1200,1503,512/512,99.6247554846217,23.221765423635997,72.84848925645797,10.761527982816169,516.3103844710215,805.9205880422078,23816.507219207422,2.845191696415777,0.7481883132413354,0.579
43,0,300,478,128/128,98.694582837481,34.598287023510395,134.14764624073416,16.685371337824787,464.6202823357602,899.3868017296412,15418.509126613579,1.936087007107942,0.5803009969692661,0.579
43,1,600,1016,256/256,99.24767890285746,27.537092509657498,90.93647503741379,10.0039909071267,496.5102275554824,872.280616929212,21414.202977133195,2.494620955508688,0.6875734390811131,0.579
43,2,1200,1506,512/512,99.61416128393286,22.86354959218863,72.30910011981508,10.619792464507093,515.6884248433993,804.1602068767446,24753.24434266583,2.8562925691189975,0.7474840626616502,0.579
44,0,300,481,128/128,98.74587994212669,34.566412867664546,134.25898747112052,16.517452473545024,465.6522771858624,898.3821461205671,16015.959338221133,1.946404420811197,0.5857518046876856,0.581
44,1,600,1027,256/256,99.27567820689156,27.497324127678514,90.69559691943584,9.965485302838403,494.89838147523227,873.8054392864781,22188.927426919734,2.51379046232804,0.6911694512910451,0.581
44,2,1200,1492,512/512,99.62786703103926,22.77998664808377,71.88518509648281,10.606266829077823,512.7168839632586,805.600255328273,25731.79199807246,2.8468691577082095,0.7480606030785814,0.581
45,0,300,504,128/128,98.8179747407013,34.620027316527235,134.19101004385286,16.323624877259135,465.2502703820429,897.7588308709009,16857.964849646483,1.9431433729503467,0.5820001455988664,0.579
45,1,600,959,256/256,99.31822086765526,27.401851965998212,90.39605745309585,9.961355873796316,492.2309523920322,871.3928610241824,23453.0185707636,2.4821145949156387,0.6883923144934696,0.579
45,2,1200,1537,512/512,99.64997533240921,22.755111752486336,71.66625683910287,10.640760172926806,517.2800024075793,803.5939846941613,27196.207701209776,2.8536680159361465,0.7492046007562226,0.579
46,0,300,482,128/128,98.87445401140758,34.38746891683934,133.64303914281342,16.126851085573435,463.95625183320146,897.2353827656552,17559.502926883113,1.9493699695753015,0.5841654378579716,0.583
46,1,600,1047,256/256,99.3583616000464,27.25574738900208,89.75546049183625,9.917370022346605,490.98834334209977,872.622474387587,24380.2427989364,2.521921956020853,0.6928641256444984,0.583
46,2,1200,1471,512/512,99.66932357946949,22.670702566851734,71.44344675802277,10.622972726978913,515.1914845389788,805.0227775450551,28276.28946563648,2.870312514512435,0.7499273142815897,0.583
47,0,300,507,128/128,98.87532546583596,34.46104381549405,133.83490618693054,16.040079043976068,465.67235266903685,895.6352274798783,18574.611913905104,1.9519474454548047,0.5851638806962294,0.581
47,1,600,1042,256/256,99.3657424954464,27.225773525915884,89.67606318603322,9.962345397496692,494.71374655467764,870.6127557896378,25785.711599288654,2.4993317230888037,0.6893572201361685,0.581
47,2,1200,1451,512/512,99.67400420986222,22.573490901179433,71.05246309748114,10.644597183016971,518.7236632199266,803.9987587172931,29886.6435980423,2.864099461099376,0.7502794708982684,0.581
48,0,300,483,128/128,98.88486443438637,34.26007683510365,133.26620930655403,15.883809181150072,463.32981557764623,896.0321826964432,18971.545413506698,1.9697207367938498,0.58537687520581,0.582
48,1,600,979,256/256,99.37487466949995,27.128243472605973,89.36459721047983,9.960217182586337,494.0473988758775,869.8921823404174,26377.68221545329,2.5020480933396714,0.6883250061992481,0.582
48,2,1200,1538,512/512,99.67880256739568,22.462011107833394,70.55928603405683,10.643921214820738,520.4954063749941,804.3658481850271,30594.061788835203,2.8752687599347984,0.7501773274263556,0.582
49,0,300,536,128/128,98.8679418018878,34.399985634624514,133.43749056333925,15.74672508199435,466.3765665922147,894.7651014843983,20172.789804081418,1.9782483059427012,0.590238390200872,0.585
49,1,600,992,256/256,99.36670022660303,27.122148736980893,88.96563341841102,10.021953178840059,494.81461282759426,867.3855939940099,27992.704396902194,2.533816368683525,0.6938860744147677,0.585
49,2,1200,1472,512/512,99.67457036034138,22.49194266978125,70.57200913803409,10.670485730414562,518.4384400490671,805.0905753170018,32486.358628375456,2.8724291946576987,0.7509138573682236,0.585
50,0,300,510,128/128,98.89392263285494,34.26529436427004,133.1301051611994,15.589884002053855,464.50150090397574,894.5205046850092,21180.66627459199,1.957389826359956,0.5864824879078807,0.584
50,1,600,1028,256/256,99.38294381473808,27.13775055497479,89.23871930442199,10.024516227209382,491.81854581380634,868.4889757099783,29306.475475343515,2.534510104552559,0.692933447864454,0.584
50,2,1200,1462,512/512,99.68286148810125,22.425070317097713,70.28081604673255,10.681810758233315,517.4095510376462,805.0159118080921,34000.43349091356,2.8843058710512905,0.7509203131524964,0.584
51,0,300,499,128/128,98.9115908799058,34.19215926799722,132.93321499365842,15.459103715085314,464.6708540215282,894.4149621741805,22074.47328270676,1.9725220255229785,0.5883933979726353,0.586
51,1,600,1020,256/256,99.39680530412124,27.11956099990536,88.8341687692731,10.0136592902024,490.45856058889746,868.7416326181561,30706.66670214896,2.5474229066268257,0.6938628307107352,0.586
51,2,1200,1481,512/512,99.68974636129691,22.3229225488489,69.90641433994647,10.713265728328697,521.8170921416962,802.9130283116812,35549.375186451056,2.8825362972591235,0.7527495372388008,0.586
52,0,300,496,128/128,98.93413198470307,34.03281083615917,133.08970412359602,15.36825692821895,464.49408246084084,892.1682977628324,22904.535256055813,1.9662225868390955,0.5885156424195381,0.583
52,1,600,1008,256/256,99.41116024121108,26.93888100995017,88.1657783341195,9.990861885146135,489.2134658460106,868.11349434512,31882.169586236752,2.4984388558760933,0.6919317233350667,0.583
52,2,1200,1496,512/512,99.69660866423057,22.253853459419176,69.80770902787859,10.709087978201834,521.1853567749899,803.1683749056117,36880.50042788055,2.8644993097885796,0.7520050909982069,0.583
53,0,300,478,128/128,98.96233153768088,34.104765642231726,132.85052617349385,15.296330753417694,466.2641014701153,890.7995854960326,23381.915968301157,1.9774829667547476,0.5917260036601397,0.586
53,1,600,1017,256/256,99.43113596303118,26.90962988667139,88.27148462877395,10.051060999096201,491.1045026081736,865.1767229494678,32452.102585703924,2.5342314554297407,0.6946745924561065,0.586
53,2,1200,1505,512/512,99.70642573556984,22.123811605612303,69.48548131854432,10.753429635270093,522.3820491981664,802.2994592340285,37559.08557198373,2.8840270560720693,0.7522747036971162,0.586
54,0,300,511,128/128,98.97027152154567,34.25689157528653,133.3514614406164,15.188017353386329,467.52083120747324,891.3316304436402,24299.788961292714,1.9681601420692776,0.5901061022244167,0.587
54,1,600,1009,256/256,99.42765956062443,26.981895861499254,88.20443541343195,10.118456814914381,493.02878444211336,864.9369946674502,33649.96205760596,2.546425384023915,0.694825239084998,0.587
54,2,1200,1480,512/512,99.7040469026946,22.10612312538197,69.1796068806906,10.74729120056774,519.2521437096435,804.308070443772,39022.88873151348,2.894023605014967,0.7541850604022787,0.587
55,0,300,484,128/128,98.96695751352,34.0503467639431,132.74952068863328,15.054739228534428,464.65370303774176,889.7798610620263,25162.03400609661,1.9792115791984226,0.5911239282368844,0.588
55,1,600,1044,256/256,99.42363752355482,26.882024699558016,87.85532423477063,10.064282216367195,492.309748498416,867.4722535400099,34966.37140753968,2.5493105079816734,0.6965535415553011,0.588
55,2,1200,1472,512/512,99.70206453680203,22.028235708484832,69.0380758403436,10.775248901589531,518.1741863489151,804.7030122302797,40474.810898202755,2.897887945175171,0.7542728651545123,0.588
56,0,300,489,128/128,99.01092790142049,34.165415086294,133.06992758514934,15.013652729872302,465.0217669507477,889.5549026978772,26123.711207009288,1.961316264193991,0.5883596731410556,0.586
56,1,600,1051,256/256,99.45347377778383,26.72168689573469,87.44048492382187,10.083343991416053,492.266919566664,865.811540556453,36295.042569074714,2.5349122544993525,0.6954354187165669,0.586
56,2,1200,1460,512/512,99.71697122288873,22.02619023314894,68.91478518508885,10.813869328608048,519.285688283917,804.8237610353183,41991.73102180843,2.8846972092338232,0.7542104695649708,0.586
57,0,300,524,128/128,98.9991869717042,33.92981190788951,132.34672199166914,14.864151095900372,469.08004159633896,888.3594533869328,27396.42003110347,1.9391596213631008,0.5858026226211187,0.585
57,1,600,1004,256/256,99.44432978565585,26.741779361113135,87.83010929911973,10.158080757925829,492.3316260198673,863.6316290177197,38007.43011260531,2.5236868547356646,0.6943431504117631,0.585
57,2,1200,1472,512/512,99.7121715412812,21.897288661895562,68.45699422537227,10.844732102629242,520.4467946339561,803.7114928112081,44002.553837819265,2.9079539672188135,0.7541830919248599,0.585
58,0,300,515,128/128,99.00019582055597,33.920004229667114,132.2875852579052,14.77144891124906,469.8559937546554,887.8465584180888,28304.120851228538,1.9448256544444873,0.5858081859212241,0.585
58,1,600,1031,256/256,99.44768914277618,26.7541691530803,87.41660016497632,10.171198296052639,491.3257675969867,863.5939758570881,39262.33991359069,2.521180774854577,0.6926128626718085,0.585
58,2,1200,1454,512/512,99.71439001825492,21.90773336388468,68.32033021700923,10.883735582498934,520.1370425348105,803.3305814046479,45531.23750304995,2.90655981976053,0.7548021115861062,0.585
59,0,300,482,128/128,99.01104261437598,33.60895609629971,131.817501502042,14.693219699661142,470.27394036410755,885.8105823459467,28500.231377069387,1.9505269993906436,0.5881912801709895,0.587
59,1,600,1025,256/256,99.4580370788125,26.710355723413027,87.4847123899111,10.238166649530573,490.9159806588801,861.9173054578828,39676.354669216205,2.5381588832191797,0.6951829116195274,0.587
59,2,1200,1493,512/512,99.71955102317787,21.800576895724905,68.12156110812336,10.909257167844228,521.9464939928502,802.5036685353385,45910.46574875483,2.910464566686879,0.7558980639769785,0.587
60,0,300,473,128/128,99.00637614784671,33.86056754367926,131.69737216912162,14.730126087024146,468.5226500065836,883.6430476281406,28748.798812198085,1.9385687786599863,0.5851750041694994,0.586
60,1,600,965,256/256,99.45125811841201,26.733106942220054,87.49430115513233,10.308354536138976,492.17562760404974,858.9826924195561,39907.001696256775,2.5376570743063223,0.6966619958746492,0.586
60,2,1200,1562,512/512,99.71582614339884,21.792022791594533,67.8304882240738,10.945668106567158,523.8788728667816,801.5342993177617,46303.043046563136,2.917778543804003,0.7567268372955013,0.586
61,0,300,454,128/128,99.02880825897962,33.84765441065843,132.18979087826438,14.772773880331002,471.27382107702647,881.6178648482336,29241.630064922545,1.9314998129139775,0.5816691511026758,0.583
61,1,600,1035,256/256,99.46341407727728,26.536544162222153,86.98093311654196,10.320427787944602,493.7436168608458,858.3185847254767,40642.85959238592,2.510825867238252,0.6933021542883452,0.583
61,2,1200,1511,512/512,99.72118324758124,21.640882301585002,67.40054616138764,10.969206300014932,523.7778528173739,800.9977158057934,47077.16180296389,2.906392242597497,0.7560461366716187,0.583
62,0,300,482,128/128,99.03050014579138,33.829678673127134,131.65709467535197,14.64347788461202,469.7216803911316,883.2810372732487,30403.525178239553,1.9458285570144653,0.5852668615082788,0.586
62,1,600,1013,256/256,99.46710357636783,26.56871142915771,86.73896708204857,10.346773383920132,495.48090395663826,857.7673604669599,42251.791996258034,2.544781436090884,0.6976785458026968,0.586
62,2,1200,1505,512/512,99.72411578462929,21.645182543171206,67.34959873250156,10.99930914347849,523.338608587303,801.5003465734843,49037.483777615715,2.905851996463278,0.7566920968329122,0.586
63,0,300,489,128/128,99.05442286598861,33.95128984895586,132.2437551154437,14.655940701274663,472.5587109907517,880.9878629897026,31244.60246954837,1.965393532877383,0.589068022192928,0.588
63,1,600,953,256/256,99.48009685839524,26.529223596577506,86.65843282172462,10.416376657572899,492.1149285774041,855.9142734546601,43260.36523593686,2.5531873806663183,0.6967573073992748,0.588
63,2,1200,1558,512/512,99.73091777784232,21.629400314602986,67.40997558811127,11.073690262863433,524.4941623243043,800.3600769997868,50165.34180835903,2.910177230834961,0.7572913014950847,0.588
64,0,300,505,128/128,99.07194745685312,33.72633436528763,131.52554626807128,14.552407779979823,471.20936095419495,881.2308993670019,32211.123760974053,1.9794668373854265,0.5913664313969053,0.589
64,1,600,984,256/256,99.49117525469747,26.551543373417683,86.75302331888578,10.432983420191075,492.04947340597465,855.9548273924889,44789.5746844692,2.550730622333029,0.6957726802388605,0.589
64,2,1200,1511,512/512,99.73692272920478,21.571284887324808,67.18195901356495,11.073903845096762,521.5239135793785,800.7987766846531,51783.31169789789,2.9281030945155933,0.7570279599966241,0.589
65,0,300,487,128/128,99.08044958850661,33.7923125304603,131.75985663823278,14.549633390528344,470.59563307179565,880.0694589986938,33489.318916409655,1.9447225384090259,0.5818026728699394,0.586
65,1,600,1005,256/256,99.49659561068393,26.451298894722072,86.33942260819288,10.409323188165823,490.5664141498395,856.8610174738945,46533.83494164813,2.5297911685446035,0.694143846800398,0.586
65,2,1200,1508,512/512,99.73891205401674,21.510805527059564,66.78203463218415,11.09887647136196,522.9522588932072,800.5260236620587,53912.60571234343,2.9276541108670444,0.7576613735622924,0.586
66,0,300,495,128/128,99.06283274969535,33.71335949861642,131.35957182055773,14.509815577831533,472.54022898698094,878.474013612728,34451.590568730324,1.9408901100573333,0.5847962400756975,0.587
66,1,600,1013,256/256,99.48304358868381,26.416710144881552,86.21984958531002,10.470377413697562,492.33006785264257,854.248497116601,47906.39746768689,2.5489212222721265,0.6977120668963576,0.587
66,2,1200,1492,512/512,99.73242395508099,21.508818678308188,67.0759577538828,11.129624681577246,522.9976274093099,800.8076125511216,55551.40161162727,2.916551683260047,0.7576414159866262,0.587
67,0,300,492,128/128,99.08009902855285,33.73225883966902,131.8704943225636,14.482458377620432,471.88208458142554,878.045102687386,35651.32772413696,1.9563197052997092,0.5857870389216187,0.588
67,1,600,988,256/256,99.49317001285338,26.29341173404262,85.99936766813883,10.472474565073426,493.3315382041188,853.1895687102307,49373.77069447084,2.5501394064530083,0.6978461985098544,0.588
67,2,1200,1520,512/512,99.73688529963162,21.416328458948747,66.55040143645908,11.180832560517286,526.1036002518315,798.9753992149705,57294.30138966755,2.9158601657204004,0.7585309914304318,0.588
68,0,300,522,128/128,99.11607261255817,33.57627895086205,131.30201739027126,14.405967728359718,474.03510208901776,877.586020592072,36729.639338978865,1.9832333689150603,0.5897668248547887,0.591
68,1,600,996,256/256,99.51371643537705,26.466765151130986,86.06454089702851,10.507910677893873,491.9349902186049,853.6811568531167,50908.298766517255,2.576791929162067,0.6983340792400214,0.591
68,2,1200,1482,512/512,99.74602352248529,21.373613773972078,66.39127605739232,11.190052192617967,524.4731683932577,799.9639386027127,58927.83809609098,2.9376035047614057,0.75811747431714,0.591
69,0,300,528,128/128,99.09924106819602,33.65116429896179,130.96608424728566,14.34581222146693,474.3412459043391,877.4780140004375,38162.678480148315,1.9242191314697266,0.5796582279142022,0.585
69,1,600,1010,256/256,99.50751923150307,26.405362954529206,86.1849617323663,10.571191857319953,492.43168367607757,852.1820895152517,52925.91808529774,2.5278437966885776,0.6953710037997098,0.585
69,2,1200,1462,512/512,99.7416492934833,21.412030899471688,66.57627670835862,11.246856857503976,524.5742952825677,799.8703076069723,61301.18188276255,2.9253886160643203,0.757370981411527,0.585
70,0,300,497,128/128,99.12538809422357,33.49968563143156,131.04846165093858,14.335918620648519,475.1268849526373,875.8629886677088,39053.888103251964,1.9326124968736067,0.5818402247466355,0.587
70,1,600,1003,256/256,99.52247319034723,26.34842602809072,86.04696778541548,10.576441125426133,494.1086691329748,851.796585981059,54276.17922142995,2.5639709700708804,0.6984582637552925,0.587
70,2,1200,1500,512/512,99.74866474647281,21.33323418473204,66.13170840342839,11.272202529634038,525.5685261984667,799.3295936187109,62941.40559186538,2.9185789771701978,0.7570918464398799,0.587
71,0,300,468,128/128,99.12893100700569,33.5419863406728,130.7892625689761,14.346506677440598,476.1548944008656,875.4540145651907,38877.78255515374,1.93823954851731,0.5825363120311652,0.588
71,1,600,1015,256/256,99.52791655877532,26.342375451708076,85.82459239683715,10.621071427950424,495.6051545630535,852.0721037986831,53922.44660061569,2.5651220549707827,0.6988316475699314,0.588
71,2,1200,1517,512/512,99.7523009209737,21.30571455524678,66.09038649594697,11.326227536647234,524.4947629455838,799.6489688135247,62489.734683861134,2.9323903477710225,0.759059297097743,0.588
72,0,300,519,128/128,99.14890379822442,33.69576411827796,130.84452026496731,14.261843254412874,474.4578352438462,877.7471491367141,40153.13271928385,1.959978549376778,0.58560319417191,0.59
72,1,600,997,256/256,99.54126485739287,26.267890819351198,85.51122861706027,10.620530657358131,493.0318756441893,851.7547962419247,55832.15349446328,2.577908858009007,0.7000440694329361,0.59
72,2,1200,1484,512/512,99.75831860675156,21.294296493206545,66.05212088935379,11.373644689037754,526.3978755578519,798.900790612974,64672.10528543696,2.929824569950933,0.7590904844320394,0.59
73,0,300,504,128/128,99.17206452528443,33.575419698738386,131.38362370608817,14.283931052814873,476.94133260538655,873.9602380092182,41522.375647983856,1.9493293710376904,0.5863783104884882,0.589
73,1,600,995,256/256,99.54988748720773,26.227026563792972,85.43409661731528,10.65377757496121,494.3103663436132,851.2298770885371,57439.35622986237,2.5675465956978174,0.6991688487852885,0.589
73,2,1200,1501,512/512,99.76302821551344,21.20155886406306,65.77519818068265,11.374379976650701,527.904946741702,798.3738272528423,66680.33676195907,2.9400075414906377,0.7594940385235458,0.589
74,0,300,501,128/128,99.18110516363429,33.64016256572125,131.38764107715107,14.257237562415249,478.10999698148754,873.627854916388,42481.612867699885,1.92842507880667,0.5836793275900175,0.587
74,1,600,995,256/256,99.55192525407939,26.18384663034324,84.99130356551414,10.68614807129655,493.8627752826441,849.1940524110842,58862.651315466246,2.547411814979885,0.6968594277883472,0.587
74,2,1200,1504,512/512,99.76238337433722,21.250173636523886,65.62606764442108,11.421099788152633,525.447608377943,799.0927336380837,68381.17000409105,2.931412375491598,0.7589712507578791,0.587
75,0,300,515,128/128,99.19140647747241,33.554471074377446,131.3618190514231,14.218559908201394,477.167154689437,872.6375248825666,43483.897161136556,1.9704038837681646,0.5939456178423856,0.592
75,1,600,959,256/256,99.55864392198582,26.23073618987243,85.32644577549695,10.736716775237209,492.9736385411341,848.5040609356757,60435.897238529265,2.57357991260031,0.6989134786172271,0.592
75,2,1200,1526,512/512,99.76589166814476,21.19983372865623,65.7957836858645,11.468562678352175,525.6936118241063,798.9814298259165,69990.41681784556,2.939564093299534,0.7600030855705218,0.592
76,0,300,489,128/128,99.18645389247693,33.63702222247797,131.2321597721679,14.20986057013456,475.4921785100594,873.1689294666844,44158.28189174578,1.967609975648963,0.5918327610280771,0.59
76,1,600,1009,256/256,99.55519909357442,26.117648209405488,84.92727560702826,10.743240544312183,493.62770041932674,847.5329230278287,61210.93946683513,2.554179803184841,0.6967313222907822,0.59
76,2,1200,1502,512/512,99.76108218836163,21.134588750855585,65.49702127142928,11.499177327828503,527.8351085878086,797.5377928559853,70813.478165357,2.9478455419125766,0.7597190945739017,0.59
77,0,300,505,128/128,99.17854253671335,33.6517947329448,131.00699034362736,14.19239706627213,481.2526662603463,871.3341132248983,45511.435245228284,1.9560195155765698,0.5900880274093518,0.59
77,1,600,1000,256/256,99.55038635195365,26.29242136888206,85.35813763737679,10.808922441676259,492.01157073676586,847.2926536798477,63069.48535889387,2.558147399321846,0.6967394859995073,0.59
77,2,1200,1495,512/512,99.75346324466129,21.086963773222273,65.39437126953865,11.519069162923158,525.5898928263514,798.4597132357467,73096.35921465514,2.954021132510641,0.7612120816392666,0.59
78,0,300,505,128/128,99.16556942767807,33.314640296272714,130.62343197588874,14.078080781394302,477.84272113648973,872.2208306340888,46404.428418615076,1.9683501513107964,0.5901659085040761,0.592
78,1,600,1005,256/256,99.54548156483033,26.137289666195414,85.07972345571613,10.792815979959359,490.20550110150333,846.9601559994826,64583.50698746259,2.5851020191026772,0.6998089802745306,0.592
78,2,1200,1490,512/512,99.7378527005826,21.185691459666963,65.44194016480606,11.572522438762572,526.2749991260919,798.1139911901231,74798.22941674483,2.943346458932628,0.7606915686551864,0.592
79,0,300,483,128/128,99.15951586713607,33.421942320176036,130.919150005463,14.128522095164403,478.64782538720044,869.7008665797626,47449.025400677085,1.9604775594628376,0.5850619743044724,0.589
79,1,600,1028,256/256,99.53958851405237,26.128650702724546,84.95785825766247,10.869101505248231,495.4573487725239,845.0530213140792,65912.92386983271,2.55306773600371,0.6949775137304212,0.589
79,2,1200,1489,512/512,99.71654559446921,21.11240895433743,65.32942568739442,11.58466451107715,525.8654595982556,797.7895899616367,76363.02974778105,2.9507304378177808,0.7606012550629704,0.589
80,0,300,538,128/128,99.15600713393924,33.494413754172264,130.51069899008618,14.090088064536507,482.84283405010586,869.4468995895528,49045.40511866041,1.9695190294929172,0.5914364722992509,0.592
80,1,600,989,256/256,99.54063172452659,26.073935009441193,84.71132190361303,10.833543179136738,491.9409217921258,845.6683307132779,68079.47494805281,2.591197397397912,0.7003982508861498,0.592
80,2,1200,1473,512/512,99.71391138106425,21.090914624903125,65.18041332886483,11.65195459718718,527.2249849127493,795.6939299982256,78988.81391591145,2.948487561681996,0.7611861898515935,0.592
81,0,300,499,128/128,99.18131731697667,33.38892398428224,130.812102021698,14.077205158665567,481.14724078015956,869.1438762601726,49382.72344982457,1.9480009182639744,0.5865505060706233,0.589
81,1,600,1019,256/256,99.55468001854483,26.016312476770334,84.50536820324645,10.877845602309272,494.78748579664017,844.6787766549257,68507.88665531429,2.569800314695939,0.6990839073207684,0.589
81,2,1200,1482,512/512,99.71933162826275,20.971735275769042,64.94617843485152,11.674676451193578,528.6496063033258,795.6841060748467,79349.04653031012,2.9396290468133013,0.7597484454094847,0.589
82,0,300,504,128/128,99.20310738390133,33.533678101819184,130.70249511668132,14.101694169868198,479.6195048247538,868.3354454854178,49993.1268009638,1.962004682292109,0.5892196910933155,0.592
82,1,600,1034,256/256,99.56493607822472,26.106174242623307,84.5974653858396,10.908946904715878,494.4827177740158,846.1547149795629,69369.22510167155,2.5848363378773564,0.7006834122896429,0.592
82,2,1200,1462,512/512,99.76043553928741,21.032899043557173,64.90706813186611,11.750347121770298,526.7446079430274,796.165840611086,80750.53485367759,2.9491302034129268,0.7617643998224347,0.592
83,0,300,489,128/128,99.18910210433414,33.38239091717027,130.72531117252046,14.038646024230921,480.12490244487066,867.7852960695762,50309.22237440852,1.967788400857345,0.5901898078186391,0.59
83,1,600,965,256/256,99.5576865939559,26.08749242644236,84.78664352022922,10.9994772995383,493.19932428357515,842.8664004246806,69818.80613096019,2.5498910986858867,0.6995579871483047,0.59
83,2,1200,1546,512/512,99.76179559768589,20.986280978728388,64.80320283533453,11.78705354039238,527.7737683651518,796.0178862876448,81136.07177739772,2.9326518618542217,0.7605066963760533,0.59
84,0,300,474,128/128,99.19765003092466,33.22448514260446,130.04064138680067,13.958906185054829,481.4457432190074,867.9078978325244,50760.30293628888,1.9581206933311794,0.5863055950185291,0.59
84,1,600,1039,256/256,99.5622072342736,25.961941938140967,84.11183398256402,10.983708804908915,493.36143517803987,843.0172127525433,70568.90233017367,2.5680691884911577,0.6992509406641491,0.59
84,2,1200,1487,512/512,99.76172422390444,21.003200917453995,64.69895899867001,11.819670206686155,524.7477121255345,797.1827958202555,82204.90676469264,2.937217971552973,0.7601414601631026,0.59
85,0,300,463,128/128,99.20925850742596,33.36249723563828,130.57645003172541,14.069440975769163,479.73635348593956,866.0964952946739,51132.10203226648,1.9547382955965789,0.5887836524980299,0.59
85,1,600,1036,256/256,99.5692009021637,25.988578381067192,84.41273256071976,11.050828574333181,492.35139792950457,843.246628361319,71201.15469608988,2.550917200420214,0.6978366361972056,0.59
85,2,1200,1501,512/512,99.76226999997611,20.957708033639378,64.65570374499313,11.887433475812898,526.9116025261685,796.1649208923405,82855.31791784539,2.9438080476677935,0.7612052964016034,0.59
86,0,300,473,128/128,99.21150032317915,33.4719226126565,130.39675753477007,14.09550096611266,484.2929201984254,864.1459084968486,51622.878744347654,1.9664400764133618,0.595006240866342,0.593
86,1,600,1003,256/256,99.56640927496498,25.965958297000093,84.23430868540542,11.10253809344911,492.61960015815134,841.2268905197516,71470.56406599694,2.577592714973118,0.7015129413097876,0.593
86,2,1200,1524,512/512,99.76448290386192,20.9913850973392,64.37376480099802,11.93879270104794,528.2128251639251,795.1530121521062,83737.32664414591,2.943137096322101,0.7623363097869845,0.593
87,0,300,483,128/128,99.23701104807668,33.347838024144096,130.40459197685584,14.064856095328217,482.1178083063159,864.3089251488632,52002.551477579844,1.9701492371766463,0.5937297392981655,0.592
87,1,600,1002,256/256,99.58270764976707,25.900124613113864,83.98237888387101,11.06658234575135,491.68090018148195,842.0167667066265,72696.77582258236,2.575071034224137,0.7010323479434162,0.592
87,2,1200,1515,512/512,99.77401652478805,20.92425767270842,64.33164885040163,11.958024099395416,527.4475191981093,795.3294360598322,85005.51985140287,2.9426265799480937,0.7613828738117211,0.592
88,0,300,504,128/128,99.23838079299423,33.514640109229184,130.8134158127128,14.1156144709962,483.0517675727606,862.0039902272679,53909.50545875562,1.9502107267794402,0.5912031991658168,0.591
88,1,600,997,256/256,99.58399700347168,25.926789917133995,84.15442763443816,11.148934950351476,491.20637630985874,841.0168867651653,75390.67712566679,2.5764850533526875,0.701258079078554,0.591
88,2,1200,1499,512/512,99.77898817366444,20.919389366666184,64.06271847845953,12.002181463077754,525.3957248553187,795.8590884141878,88237.11608969585,2.942429480345353,0.7621465750729385,0.591
89,0,300,493,128/128,99.24092077524364,33.16255995501248,129.64574608793123,13.986034651285012,480.26203631629323,865.2100578766566,54058.32626847418,1.9272914813912434,0.5865356243294856,0.589
89,1,600,1009,256/256,99.58355273492498,25.93741457211546,84.02597474449335,11.16665863183699,491.5145466877637,839.9965940901734,75869.77221773211,2.5490515957707944,0.6981543067317774,0.589
89,2,1200,1498,512/512,99.7797620349163,20.90587302326201,64.04423732584087,12.04088208600083,526.2397426032575,795.9610043523786,88924.87153629753,2.945217163666435,0.7627634437601973,0.589
90,0,300,493,128/128,99.23251070263764,33.31307115497986,130.1265463353896,13.995152901910986,484.25657070916276,863.5286003290761,54437.02279221697,1.9075163654659106,0.5811223637427136,0.584
90,1,600,1008,256/256,99.58023079954904,25.943958828787483,84.01378863565033,11.211226180580164,492.3901150801352,839.2234434565854,76359.24090734786,2.5229026856629746,0.6933622985759883,0.584
90,2,1200,1499,512/512,99.78083573518326,20.8160796372333,64.0374995181567,12.084352252029474,528.5262801970856,794.5009132000985,89401.44065143746,2.9223344637000044,0.7581788089470273,0.584
91,0,300,483,128/128,99.23595545970913,33.288156609851136,130.03686064271946,14.024397171262505,483.7612515280706,861.4294789345862,54930.123305777335,1.9532737213632334,0.593111899351694,0.591
91,1,600,964,256/256,99.58331749733874,25.954970114195866,84.04569604522955,11.26320264205584,491.26493076009376,838.0959374034059,76996.81772112352,2.5591272167537524,0.69922633766097,0.591
91,2,1200,1553,512/512,99.78380937980091,20.92647546853124,63.985178365833285,12.15805202070084,526.6131395132252,795.5366262142994,90429.81657015457,2.9421133580415146,0.7620714440500277,0.591
92,0,300,505,128/128,99.24539754745962,33.1321465054361,129.79847967329593,13.998356308456104,484.8332874255605,860.5500394755071,55270.842706212905,1.9565068276032158,0.5915850433016377,0.592
92,1,600,979,256/256,99.5882910026355,26.031270006764775,84.0671637587333,11.299317674112027,489.43589064573246,838.6945353099835,77553.61298009739,2.5719381518985913,0.7013001084015774,0.592
92,2,1200,1516,512/512,99.78641055707071,20.855376147972247,63.762185903447914,12.183511142537863,527.834870766524,795.2473177365703,90999.67046431941,2.949488235556561,0.7637665653773197,0.592
93,0,300,488,128/128,99.24781064414164,33.346078908223596,130.168535197001,14.014558626155628,484.35421721612823,861.1127828232577,55478.57785322627,1.9248809399812117,0.5831362254757064,0.589
93,1,600,989,256/256,99.59069544514362,26.05505018891471,84.15897409794184,11.353979672562366,489.056744020436,838.5362128517144,77968.58979579291,2.550482433775197,0.6972444492733425,0.589
93,2,1200,1523,512/512,99.78807281301478,20.801127100031938,63.54714482924849,12.206797513105489,526.1291571240322,796.0520611729813,91197.12497283187,2.960084282833597,0.7641840282043759,0.589
94,0,300,478,128/128,99.25271275647945,33.35937736439031,129.8643149840782,14.029035522021884,484.5757666492063,860.1213333247596,55658.545843851614,1.953981788262077,0.5865656491705885,0.592
94,1,600,1028,256/256,99.59206007126744,26.008660854329626,84.01109289798292,11.30470320046064,488.2539068040681,840.1285985100594,78213.01404923084,2.5799236401267676,0.7006901452692319,0.592
94,2,1200,1494,512/512,99.78939165443285,20.726342982247253,63.212318325956346,12.227577760122427,524.2068038946653,796.4143971282954,91598.8200559833,2.964252751806508,0.763943871684743,0.592
95,0,300,510,128/128,99.25504594620173,33.319154319663845,129.7383590948348,14.034564234316349,483.1109680089296,859.2034480151008,56345.82846918527,1.9519663479017175,0.5882886441334377,0.589
95,1,600,1009,256/256,99.59356220286263,25.99525798529357,83.90217243414095,11.378636716600099,491.20327406465947,837.9055315959088,79352.96317305863,2.5317403440890103,0.6957628854287421,0.589
95,2,1200,1481,512/512,99.78997640984187,20.772759345467634,63.32534865540962,12.31982510167147,527.6037397455477,795.3033101550636,93204.5818371277,2.9488974965136983,0.763398809614604,0.589
96,0,300,504,128/128,99.26087550848393,33.31272169533703,129.93223001323048,14.037071592322299,484.82860361654605,859.7692803494514,56402.000421214674,1.9187623521556025,0.5783384421221912,0.585
96,1,600,979,256/256,99.59721646035358,25.889847031865838,83.59586065435312,11.409629322778704,488.28979918735143,837.9648616413783,79438.898777085,2.522959994233173,0.694248530746288,0.585
96,2,1200,1517,512/512,99.79214609289916,20.756047389708858,63.172957141028476,12.370136479282937,527.8889428021174,795.4748069760669,93374.31142301881,2.9275601324827774,0.7612235582833782,0.585
97,0,300,509,128/128,99.25947204155835,33.274138181640495,129.75971440259505,14.014689980005235,487.5625875762029,859.1943584631375,57086.379411822454,1.929623904435531,0.5885178565435126,0.591
97,1,600,994,256/256,99.59702508090338,25.917873326201793,83.63062415414413,11.397511940974166,488.15288273261586,838.315164958927,80380.20558220519,2.5730220753213633,0.7016940704979292,0.591
97,2,1200,1497,512/512,99.79191709027448,20.794860365425418,63.20140947529931,12.405851613244934,525.0110703264783,796.1780607660531,94376.21827812775,2.9582074621449346,0.7654067850892163,0.591
98,0,300,439,128/128,99.26129499128105,33.1075084873036,129.52738900187347,14.000617973251876,482.2980286320141,857.5002331125437,56408.75845129235,1.948310162710107,0.5878607444281125,0.592
98,1,600,1010,256/256,99.59539699802475,25.92237715858339,83.50964046203264,11.39897432288911,485.41071823622923,838.5368515359293,79438.40385368555,2.5814287040544595,0.7006037501434509,0.592
98,2,1200,1551,512/512,99.79136532356098,20.654645728621077,63.054445163039986,12.412231966137387,528.0063796204802,795.5367177782483,92981.96419602745,2.9733010374981426,0.7646237475683115,0.592
99,0,300,522,128/128,99.29318037740164,33.13383749789662,129.2009592712839,13.9681876679861,487.91034051513304,857.1316824790619,57296.62979528365,1.941906592120295,0.5877276911095237,0.591
99,1,600,981,256/256,99.61415444473859,25.957197399010596,83.48727075878634,11.496754982162203,491.36511847817326,835.5427777487689,80532.71538529557,2.5589434167613154,0.6983006295174895,0.591
99,2,1200,1497,512/512,99.80027244134722,20.726522297642592,62.885638197004276,12.492417397678057,526.5311022042114,794.9546455301758,94696.84379134246,2.9663074742192808,0.7646242661175152,0.591
100,0,300,534,128/128,99.29928543632018,33.194605135515836,129.33420815438814,13.95457060065832,485.2115900049942,857.1625037139721,58354.24222693907,1.9481466645779817,0.5919140640511946,0.593
100,1,600,962,256/256,99.61638123794542,25.94385305593824,83.36783340684838,11.49042282377422,486.93332945048934,837.3307303802387,82177.54248305071,2.5805939073147983,0.7019314435170512,0.593
100,2,1200,1504,512/512,99.801421686207,20.673977576463702,62.85441228674051,12.506465574335108,526.5525945244317,795.5530115819358,96349.58942757641,2.9590676452802573,0.7659766195612684,0.593
101,0,300,499,128/128,99.30132112841711,33.22881538204416,129.65206401739903,13.957001341652417,486.3230047639243,856.7256769818629,58617.31451415347,1.9316016487453296,0.5862444138235162,0.591
101,1,600,984,256/256,99.62199994997712,25.869869055393025,83.56320329495077,11.53099025141569,490.56932785949573,835.1842908234131,82261.64459909608,2.57630673698757,0.6998437044841302,0.591
101,2,1200,1517,512/512,99.80442443863853,20.66203124634553,62.7421516686894,12.567002614794315,526.7524515710226,795.3510914653559,96711.1401873823,2.9648208307183306,0.7651385028829282,0.591
102,0,300,509,128/128,99.27168255409002,33.066939551580866,129.1882921969024,13.917102859024332,486.17966405769226,856.8062161649842,58550.686163787526,1.9586402125980542,0.5907947465708289,0.593
102,1,600,1029,256/256,99.60339408859817,25.88702165553359,83.32711381455783,11.563575372237448,490.9027681927639,835.8178545365181,82458.08538501998,2.579154056051503,0.7001357085272579,0.593
102,2,1200,1462,512/512,99.79499569691114,20.608472008456854,62.49992413606836,12.598295143146766,529.2308733539934,793.9928739896062,96731.65909630003,2.96205298796944,0.7651188317503429,0.593
103,0,300,470,128/128,99.27658973071594,32.99320312415032,129.19703221067468,13.90203006090002,486.62116067840697,855.7792962865626,59209.10041858541,1.9387269382891448,0.5901404485429793,0.592
103,1,600,1039,256/256,99.60491024995042,25.819582136794278,83.19173316552848,11.56578768811998,490.41164255520835,835.2839989198643,83472.70487878504,2.5744537477907925,0.7006358413487039,0.592
103,2,1200,1491,512/512,99.7955330337485,20.572685985747878,62.60226603464981,12.63274683034276,528.7065956114443,794.301020707323,97864.77802904719,2.9616529215937075,0.764597815447403,0.592
104,0,300,502,128/128,99.28268336476428,33.224420844618066,129.5346450283233,13.97319629127939,489.0234079137741,854.8406716361939,59605.73394786552,1.9411626484083093,0.5875529177824427,0.591
104,1,600,1009,256/256,99.60889153351586,25.885767749223646,83.13318948206982,11.575890010881826,487.6470018336983,837.2126037939807,83884.32138207174,2.564624247343644,0.6973576022915635,0.591
104,2,1200,1489,512/512,99.79854709664738,20.656136446866995,62.68333932140916,12.712803060067548,527.0661397357368,794.5643257902643,98673.67537190563,2.9684158719104268,0.764441836695885,0.591
105,0,300,476,128/128,99.29873504120879,33.08863924550159,129.18803966095467,13.91479411913755,485.71287126851684,855.8441087478349,60241.523793577646,1.91041128013445,0.5766259506357442,0.587
105,1,600,1014,256/256,99.6180725731677,25.810281751600243,83.04138596976063,11.595276325823523,489.66334206171524,836.8207420823137,84692.08673054179,2.5251702588537466,0.6947106132713136,0.587
105,2,1200,1510,512/512,99.80305444837747,20.63596513837773,62.45793755234077,12.73036344433265,525.68072651001,794.8034974518201,99331.85650418136,2.977480546287868,0.76605669279395,0.587
106,0,300,516,128/128,99.28882321005507,33.09889162652368,129.09273720931176,13.963790801750829,488.1597828091115,853.5832286805146,59926.81974934977,1.9383979051009468,0.588418701220517,0.593
106,1,600,981,256/256,99.60957935277331,25.819849120367557,83.08013482256645,11.685238495112134,488.61846399173584,835.156734140398,84399.3177548218,2.585115909576416,0.7014005207851923,0.593
106,2,1200,1503,512/512,99.79812671267563,20.560103177984637,62.26920837155994,12.7269871550267,524.8032901894626,796.43354591178,99291.34628313506,2.9717547686203667,0.7665260122364433,0.593
107,0,300,509,128/128,99.28542400378802,33.23440853513645,129.38564017502873,13.995480915798653,490.6092004480905,851.8579166624073,60634.3049138843,1.9348136134769605,0.5889761368675065,0.591
107,1,600,999,256/256,99.60965151528274,25.87489103777213,83.01995790100193,11.701164955461586,489.6103801640185,835.2552069438709,85367.77118811975,2.5558523509813393,0.6993641312090063,0.591
107,2,1200,1492,512/512,99.79829632025984,20.555540461133138,62.22648973808931,12.811765680214435,526.7511650460496,794.6810048403114,100146.9109297278,2.9712809479754902,0.7663791987454099,0.591
